"timestamp","metricbeat_system_cpu_user_pct","metricbeat_system_cpu_idle_pct","metricbeat_system_cpu_total_pct","metricbeat_host_name","metricbeat_host_ip"
"2024-12-04T18:10:47.654Z","","","","",""
"2024-12-04T18:10:47.092Z","","","","",""
"2024-12-04T18:08:13.385Z","","","","",""
"2024-12-04T18:08:13.381Z","","","","",""
"2024-12-04T18:08:13.385Z","","","","",""
"2024-12-04T18:08:13.385Z","","","","",""
"2024-12-04T18:06:15.743Z","","","","",""
"2024-12-04T18:06:15.743Z","","","","",""
"2024-12-04T18:06:15.744Z","","","","",""
"2024-12-04T17:51:33.159Z","","","","",""
"2024-12-04T18:07:58.263Z","","","","",""
"2024-12-04T17:50:24.179Z","","","","",""
"2024-12-04T17:55:31.893Z","","","","",""
"2024-12-04T18:08:58.768Z","","","","",""
"2024-12-04T18:08:28.333Z","","","","",""
"2024-12-04T17:55:01.505Z","","","","",""
"2024-12-04T18:51:41.220Z","","","","",""
"2024-12-04T18:51:41.219Z","","","","",""
"2024-12-04T18:51:41.223Z","","","","",""
"2024-12-04T18:51:41.220Z","","","","",""
"2024-12-04T18:51:41.223Z","","","","",""
"2024-12-04T18:51:41.223Z","","","","",""
"2024-12-04T18:51:41.225Z","","","","",""
"2024-12-04T18:51:41.225Z","","","","",""
"2024-12-04T18:51:41.225Z","","","","",""
"2024-12-04T18:51:41.240Z","","","","",""
"2024-12-04T18:51:41.240Z","","","","",""
"2024-12-04T18:51:41.240Z","","","","",""
"2024-12-04T18:53:41.735Z","","","","",""
"2024-12-04T18:53:41.743Z","","","","",""
"2024-12-04T18:53:41.744Z","","","","",""
"2024-12-04T18:53:41.744Z","","","","",""
"2024-12-04T18:53:32.909Z","","","","",""
"2024-12-04T18:53:32.914Z","","","","",""
"2024-12-04T18:53:32.915Z","","","","",""
"2024-12-04T18:53:32.915Z","","","","",""
"2024-12-04T18:52:11.165Z","","","","",""
"2024-12-04T18:52:11.165Z","","","","",""
"2024-12-04T18:52:11.166Z","","","","",""
"2024-12-04T18:55:03.221Z","","","","",""
"2024-12-04T18:58:50.620Z","","","","",""
"2024-12-04T18:57:03.217Z","","","","",""
"2024-12-04T18:52:21.704Z","","","","",""
"2024-12-04T18:44:12.228Z","","","","",""
"2024-12-04T18:24:31.550Z","","","","",""
"2024-12-04T18:24:31.550Z","","","","",""
"2024-12-04T18:24:31.554Z","","","","",""
"2024-12-04T18:24:31.550Z","","","","",""
"2024-12-04T18:24:31.554Z","","","","",""
"2024-12-04T18:24:31.554Z","","","","",""
"2024-12-04T18:24:31.556Z","","","","",""
"2024-12-04T18:24:31.556Z","","","","",""
"2024-12-04T18:24:31.565Z","","","","",""
"2024-12-04T18:24:31.557Z","","","","",""
"2024-12-04T18:24:31.566Z","","","","",""
"2024-12-04T18:24:31.566Z","","","","",""
"2024-12-04T18:05:45.799Z","","","","",""
"2024-12-04T18:05:45.799Z","","","","",""
"2024-12-04T18:05:45.802Z","","","","",""
"2024-12-04T18:05:45.799Z","","","","",""
"2024-12-04T18:05:45.802Z","","","","",""
"2024-12-04T18:05:45.804Z","","","","",""
"2024-12-04T18:05:45.802Z","","","","",""
"2024-12-04T18:05:45.826Z","","","","",""
"2024-12-04T18:05:45.826Z","","","","",""
"2024-12-04T18:05:45.803Z","","","","",""
"2024-12-04T18:05:45.804Z","","","","",""
"2024-12-04T18:05:45.826Z","","","","",""
"2024-12-04T18:26:59.278Z","","","","",""
"2024-12-04T18:26:59.272Z","","","","",""
"2024-12-04T18:26:59.278Z","","","","",""
"2024-12-04T18:26:59.278Z","","","","",""
"2024-12-04T18:25:01.453Z","","","","",""
"2024-12-04T18:25:01.454Z","","","","",""
"2024-12-04T18:25:01.453Z","","","","",""
"2024-12-04T18:30:39.647Z","","","","",""
"2024-12-04T18:30:42.416Z","","","","",""
"2024-12-04T18:30:42.407Z","","","","",""
"2024-12-04T18:26:44.043Z","","","","",""
"2024-12-04T18:15:31.940Z","","","","",""
"2024-12-04T18:15:33.973Z","","","","",""
"2024-12-04T18:30:09.262Z","","","","",""
"2024-12-04T18:43:41.885Z","","","","",""
"2024-12-04T18:59:34.563Z","","","","",""
"2024-12-04T18:59:34.562Z","","","","",""
"2024-12-04T18:59:34.566Z","","","","",""
"2024-12-04T18:59:34.567Z","","","","",""
"2024-12-04T18:59:34.566Z","","","","",""
"2024-12-04T18:59:34.567Z","","","","",""
"2024-12-04T18:59:36.932Z","","","","",""
"2024-12-04T19:08:21.591Z","","","","",""
"2024-12-04T19:08:21.592Z","","","","",""
"2024-12-04T19:08:21.594Z","","","","",""
"2024-12-04T19:08:21.594Z","","","","",""
"2024-12-04T19:08:21.595Z","","","","",""
"2024-12-04T19:08:21.595Z","","","","",""
"2024-12-04T19:02:23.496Z","","","","",""
"2024-12-04T19:02:23.495Z","","","","",""
"2024-12-04T19:02:23.498Z","","","","",""
"2024-12-04T19:02:23.498Z","","","","",""
"2024-12-04T19:02:23.499Z","","","","",""
"2024-12-04T19:02:23.499Z","","","","",""
"2024-12-04T19:04:36.724Z","","","","",""
"2024-12-04T19:04:36.724Z","","","","",""
"2024-12-04T19:04:36.728Z","","","","",""
"2024-12-04T19:03:12.178Z","","","","",""
"2024-12-04T19:07:37.663Z","","","","",""
"2024-12-04T19:09:47.657Z","","","","",""
"2024-12-04T19:01:00.611Z","","","","",""
"2024-12-04T19:00:09.812Z","","","","",""
"2024-12-04T19:10:34.674Z","","","","",""
"2024-12-04T19:10:34.674Z","","","","",""
"2024-12-04T19:10:34.678Z","","","","",""
"2024-12-04T19:16:05.454Z","","","","",""
"2024-12-04T19:16:05.454Z","","","","",""
"2024-12-04T19:16:05.456Z","","","","",""
"2024-12-04T19:16:05.456Z","","","","",""
"2024-12-04T19:16:05.457Z","","","","",""
"2024-12-04T19:16:05.457Z","","","","",""
"2024-12-04T19:17:18.538Z","","","","",""
"2024-12-04T19:17:18.539Z","","","","",""
"2024-12-04T19:17:18.542Z","","","","",""
"2024-12-04T19:17:18.539Z","","","","",""
"2024-12-04T19:17:18.542Z","","","","",""
"2024-12-04T19:17:18.542Z","","","","",""
"2024-12-04T19:17:25.518Z","","","","",""
"2024-12-04T19:17:26.794Z","","","","",""
"2024-12-04T19:17:26.195Z","","","","",""
"2024-12-04T19:17:26.453Z","","","","",""
"2024-12-04T19:17:27.262Z","","","","",""
"2024-12-04T19:17:38.305Z","","","","",""
"2024-12-04T19:17:39.086Z","","","","",""
"2024-12-04T19:17:39.087Z","","","","",""
"2024-12-04T19:17:39.086Z","","","","",""
"2024-12-04T19:17:39.087Z","","","","",""
"2024-12-04T19:17:39.111Z","","","","",""
"2024-12-04T19:17:39.087Z","","","","",""
"2024-12-04T19:17:39.152Z","","","","",""
"2024-12-04T19:17:39.111Z","","","","",""
"2024-12-04T19:17:39.151Z","","","","",""
"2024-12-04T19:17:39.085Z","","","","",""
"2024-12-04T19:17:39.819Z","","","","",""
"2024-12-04T19:17:39.456Z","","","","",""
"2024-12-04T19:17:45.503Z","","","","",""
"2024-12-04T07:59:12.015Z","","","","hq-glg-t01","[10.10.88.116, fe80::250:56ff:fead:5b8a, 10.10.101.116, fe80::250:56ff:fead:fa6, 172.17.0.1]"
"2024-12-04T07:59:12.015Z","","","","hq-glg-t01","[10.10.88.116, fe80::250:56ff:fead:5b8a, 10.10.101.116, fe80::250:56ff:fead:fa6, 172.17.0.1]"
"2024-12-04T07:59:12.015Z","","","","hq-glg-t01","[10.10.88.116, fe80::250:56ff:fead:5b8a, 10.10.101.116, fe80::250:56ff:fead:fa6, 172.17.0.1]"
"2024-12-04T07:59:12.021Z","","","","hq-glg-t01","[10.10.88.116, fe80::250:56ff:fead:5b8a, 10.10.101.116, fe80::250:56ff:fead:fa6, 172.17.0.1]"
"2024-12-04T07:59:12.021Z","","","","hq-glg-t01","[10.10.88.116, fe80::250:56ff:fead:5b8a, 10.10.101.116, fe80::250:56ff:fead:fa6, 172.17.0.1]"
"2024-12-04T07:59:12.015Z","","","","hq-glg-t01","[10.10.88.116, fe80::250:56ff:fead:5b8a, 10.10.101.116, fe80::250:56ff:fead:fa6, 172.17.0.1]"
"2024-12-04T07:59:12.021Z","","","","hq-glg-t01","[10.10.88.116, fe80::250:56ff:fead:5b8a, 10.10.101.116, fe80::250:56ff:fead:fa6, 172.17.0.1]"
"2024-12-04T07:59:12.021Z","","","","hq-glg-t01","[10.10.88.116, fe80::250:56ff:fead:5b8a, 10.10.101.116, fe80::250:56ff:fead:fa6, 172.17.0.1]"
"2024-12-04T07:59:12.015Z","","","","hq-glg-t01","[10.10.88.116, fe80::250:56ff:fead:5b8a, 10.10.101.116, fe80::250:56ff:fead:fa6, 172.17.0.1]"
"2024-12-04T07:59:12.021Z","","","","hq-glg-t01","[10.10.88.116, fe80::250:56ff:fead:5b8a, 10.10.101.116, fe80::250:56ff:fead:fa6, 172.17.0.1]"
"2024-12-04T07:59:12.021Z","","","","hq-glg-t01","[10.10.88.116, fe80::250:56ff:fead:5b8a, 10.10.101.116, fe80::250:56ff:fead:fa6, 172.17.0.1]"
"2024-12-04T07:59:12.021Z","","","","hq-glg-t01","[10.10.88.116, fe80::250:56ff:fead:5b8a, 10.10.101.116, fe80::250:56ff:fead:fa6, 172.17.0.1]"
"2024-12-04T07:59:13.000Z","","","","",""
"2024-12-04T07:59:13.000Z","","","","",""
"2024-12-04T07:59:13.000Z","","","","",""
"2024-12-04T07:59:13.000Z","","","","",""
"2024-12-04T07:59:13.000Z","","","","",""
"2024-12-04T07:59:13.000Z","","","","",""
"2024-12-04T07:59:13.000Z","","","","",""
"2024-12-04T07:59:14.000Z","","","","",""
"2024-12-04T07:59:14.000Z","","","","",""
"2024-12-04T07:59:15.000Z","","","","",""
"2024-12-04T07:57:58.000Z","","","","",""
"2024-12-04T07:57:58.000Z","","","","",""
"2024-12-04T07:57:58.000Z","","","","",""
"2024-12-04T07:57:58.000Z","","","","",""
"2024-12-04T07:57:58.000Z","","","","",""
"2024-12-04T07:57:58.000Z","","","","",""
"2024-12-04T07:57:58.000Z","","","","",""
"2024-12-04T07:57:58.000Z","","","","",""
"2024-12-04T07:57:58.000Z","","","","",""
"2024-12-04T07:57:58.000Z","","","","",""
"2024-12-04T07:57:58.000Z","","","","",""
"2024-12-04T07:57:58.000Z","","","","",""
"2024-12-04T07:57:58.000Z","","","","",""
"2024-12-04T07:57:58.000Z","","","","",""
"2024-12-04T07:57:58.000Z","","","","",""
"2024-12-04T07:57:58.000Z","","","","",""
"2024-12-04T07:57:58.000Z","","","","",""
"2024-12-04T07:57:58.000Z","","","","",""
"2024-12-04T07:57:58.000Z","","","","",""
"2024-12-04T07:57:58.000Z","","","","",""
"2024-12-04T07:57:58.000Z","","","","",""
"2024-12-04T07:57:58.000Z","","","","",""
"2024-12-04T07:57:58.000Z","","","","",""
"2024-12-04T07:57:58.000Z","","","","",""
"2024-12-04T07:57:58.000Z","","","","",""
"2024-12-04T07:57:58.000Z","","","","",""
"2024-12-04T07:57:58.000Z","","","","",""
"2024-12-04T07:57:58.000Z","","","","",""
"2024-12-04T07:57:58.000Z","","","","",""
"2024-12-04T07:57:58.000Z","","","","",""
"2024-12-04T07:57:58.000Z","","","","",""
"2024-12-04T07:57:58.000Z","","","","",""
"2024-12-04T07:57:58.000Z","","","","",""
"2024-12-04T07:57:58.000Z","","","","",""
"2024-12-04T07:57:58.000Z","","","","",""
"2024-12-04T07:57:58.000Z","","","","",""
"2024-12-04T07:57:58.000Z","","","","",""
"2024-12-04T07:57:58.000Z","","","","",""
"2024-12-04T07:57:58.000Z","","","","",""
"2024-12-04T07:57:58.000Z","","","","",""
"2024-12-04T07:57:58.000Z","","","","",""
"2024-12-04T07:57:58.000Z","","","","",""
"2024-12-04T07:57:58.000Z","","","","",""
"2024-12-04T07:57:58.000Z","","","","",""
"2024-12-04T07:57:58.000Z","","","","",""
"2024-12-04T07:57:58.000Z","","","","",""
"2024-12-04T07:57:58.000Z","","","","",""
"2024-12-04T07:57:58.000Z","","","","",""
"2024-12-04T07:57:58.000Z","","","","",""
"2024-12-04T07:57:58.000Z","","","","",""
"2024-12-04T07:57:58.000Z","","","","",""
"2024-12-04T07:57:58.000Z","","","","",""
"2024-12-04T07:57:58.000Z","","","","",""
"2024-12-04T07:57:58.000Z","","","","",""
"2024-12-04T07:57:58.000Z","","","","",""
"2024-12-04T07:57:58.000Z","","","","",""
"2024-12-04T07:57:58.000Z","","","","",""
"2024-12-04T07:57:58.000Z","","","","",""
"2024-12-04T07:57:58.000Z","","","","",""
"2024-12-04T07:57:58.000Z","","","","",""
"2024-12-04T07:57:58.000Z","","","","",""
"2024-12-04T07:57:58.000Z","","","","",""
"2024-12-04T07:57:58.000Z","","","","",""
"2024-12-04T07:57:58.000Z","","","","",""
"2024-12-04T07:57:58.000Z","","","","",""
"2024-12-04T07:57:58.000Z","","","","",""
"2024-12-04T07:57:58.000Z","","","","",""
"2024-12-04T07:57:58.000Z","","","","",""
"2024-12-04T07:57:58.000Z","","","","",""
"2024-12-04T07:57:58.000Z","","","","",""
"2024-12-04T07:57:58.000Z","","","","",""
"2024-12-04T07:57:58.000Z","","","","",""
"2024-12-04T07:57:58.000Z","","","","",""
"2024-12-04T07:58:10.000Z","","","","",""
"2024-12-04T07:58:08.000Z","","","","",""
"2024-12-04T07:58:08.000Z","","","","",""
"2024-12-04T07:58:08.000Z","","","","",""
"2024-12-04T07:58:08.000Z","","","","",""
"2024-12-04T07:58:09.247Z","0.0605","3.8759","0.1201","hq-glg-t01","[10.10.88.116, fe80::250:56ff:fead:5b8a, 10.10.101.116, fe80::250:56ff:fead:fa6, 172.17.0.1]"
"2024-12-04T07:58:09.259Z","","","","hq-glg-t01","[10.10.88.116, fe80::250:56ff:fead:5b8a, 10.10.101.116, fe80::250:56ff:fead:fa6, 172.17.0.1]"
"2024-12-04T07:58:09.259Z","","","","hq-glg-t01","[10.10.88.116, fe80::250:56ff:fead:5b8a, 10.10.101.116, fe80::250:56ff:fead:fa6, 172.17.0.1]"
"2024-12-04T07:58:09.461Z","","","","hq-glg-t01","[10.10.88.116, fe80::250:56ff:fead:5b8a, 10.10.101.116, fe80::250:56ff:fead:fa6, 172.17.0.1]"
"2024-12-04T07:58:09.421Z","","","","hq-glg-t01","[10.10.88.116, fe80::250:56ff:fead:5b8a, 10.10.101.116, fe80::250:56ff:fead:fa6, 172.17.0.1]"
"2024-12-04T07:58:44.917Z","","","","",""
"2024-12-04T07:58:10.000Z","","","","",""
"2024-12-04T07:58:10.000Z","","","","",""
"2024-12-04T07:58:11.000Z","","","","",""
"2024-12-04T07:57:57.000Z","","","","",""
"2024-12-04T07:58:33.075Z","","","","",""
"2024-12-04T07:58:33.620Z","","","","",""
"2024-12-04T07:57:58.000Z","","","","",""
"2024-12-04T07:57:58.000Z","","","","",""
"2024-12-04T07:57:59.259Z","","","","hq-glg-t01","[10.10.88.116, fe80::250:56ff:fead:5b8a, 10.10.101.116, fe80::250:56ff:fead:fa6, 172.17.0.1]"
"2024-12-04T07:57:59.246Z","0.1312","3.7496","0.2393","hq-glg-t01","[10.10.88.116, fe80::250:56ff:fead:5b8a, 10.10.101.116, fe80::250:56ff:fead:fa6, 172.17.0.1]"
"2024-12-04T07:57:59.421Z","","","","hq-glg-t01","[10.10.88.116, fe80::250:56ff:fead:5b8a, 10.10.101.116, fe80::250:56ff:fead:fa6, 172.17.0.1]"
"2024-12-04T07:57:59.259Z","","","","hq-glg-t01","[10.10.88.116, fe80::250:56ff:fead:5b8a, 10.10.101.116, fe80::250:56ff:fead:fa6, 172.17.0.1]"
"2024-12-04T07:57:59.461Z","","","","hq-glg-t01","[10.10.88.116, fe80::250:56ff:fead:5b8a, 10.10.101.116, fe80::250:56ff:fead:fa6, 172.17.0.1]"
"2024-12-04T07:59:18.000Z","","","","",""
"2024-12-04T07:59:18.000Z","","","","",""
"2024-12-04T07:59:18.000Z","","","","",""
"2024-12-04T07:59:18.000Z","","","","",""
"2024-12-04T07:59:18.000Z","","","","",""
"2024-12-04T07:59:18.000Z","","","","",""
"2024-12-04T07:59:18.000Z","","","","",""
"2024-12-04T07:59:18.000Z","","","","",""
"2024-12-04T07:59:18.000Z","","","","",""
"2024-12-04T07:59:18.000Z","","","","",""
"2024-12-04T07:59:18.000Z","","","","",""
"2024-12-04T07:59:18.000Z","","","","",""
"2024-12-04T07:59:18.000Z","","","","",""
"2024-12-04T07:59:18.000Z","","","","",""
"2024-12-04T07:59:18.000Z","","","","",""
"2024-12-04T07:59:18.000Z","","","","",""
"2024-12-04T07:59:18.000Z","","","","",""
"2024-12-04T07:59:18.000Z","","","","",""
"2024-12-04T07:59:18.000Z","","","","",""
"2024-12-04T07:59:18.000Z","","","","",""
"2024-12-04T07:59:18.000Z","","","","",""
"2024-12-04T07:59:18.000Z","","","","",""
"2024-12-04T07:59:18.000Z","","","","",""
"2024-12-04T07:59:18.000Z","","","","",""
"2024-12-04T07:59:18.000Z","","","","",""
"2024-12-04T07:59:18.000Z","","","","",""
"2024-12-04T07:59:18.000Z","","","","",""
"2024-12-04T07:59:18.000Z","","","","",""
"2024-12-04T07:59:18.000Z","","","","",""
"2024-12-04T07:59:18.000Z","","","","",""
"2024-12-04T07:59:18.000Z","","","","",""
"2024-12-04T07:59:18.000Z","","","","",""
"2024-12-04T07:59:18.000Z","","","","",""
"2024-12-04T07:59:18.000Z","","","","",""
"2024-12-04T07:59:18.000Z","","","","",""
"2024-12-04T07:59:18.000Z","","","","",""
"2024-12-04T07:59:18.000Z","","","","",""
"2024-12-04T07:59:18.000Z","","","","",""
"2024-12-04T07:59:18.000Z","","","","",""
"2024-12-04T07:59:18.000Z","","","","",""
"2024-12-04T07:59:18.000Z","","","","",""
"2024-12-04T07:59:18.000Z","","","","",""
"2024-12-04T07:59:18.000Z","","","","",""
"2024-12-04T07:59:18.000Z","","","","",""
"2024-12-04T07:59:18.000Z","","","","",""
"2024-12-04T07:59:18.000Z","","","","",""
"2024-12-04T07:59:18.000Z","","","","",""
"2024-12-04T07:59:18.000Z","","","","",""
"2024-12-04T07:59:18.000Z","","","","",""
"2024-12-04T07:59:19.259Z","","","","hq-glg-t01","[10.10.88.116, fe80::250:56ff:fead:5b8a, 10.10.101.116, fe80::250:56ff:fead:fa6, 172.17.0.1]"
"2024-12-04T07:59:19.247Z","0.0666","3.8638","0.1312","hq-glg-t01","[10.10.88.116, fe80::250:56ff:fead:5b8a, 10.10.101.116, fe80::250:56ff:fead:fa6, 172.17.0.1]"
"2024-12-04T07:59:19.259Z","","","","hq-glg-t01","[10.10.88.116, fe80::250:56ff:fead:5b8a, 10.10.101.116, fe80::250:56ff:fead:fa6, 172.17.0.1]"
"2024-12-04T07:59:19.421Z","","","","hq-glg-t01","[10.10.88.116, fe80::250:56ff:fead:5b8a, 10.10.101.116, fe80::250:56ff:fead:fa6, 172.17.0.1]"
"2024-12-04T07:59:19.461Z","","","","hq-glg-t01","[10.10.88.116, fe80::250:56ff:fead:5b8a, 10.10.101.116, fe80::250:56ff:fead:fa6, 172.17.0.1]"
"2024-12-04T07:59:20.000Z","","","","",""
"2024-12-04T07:59:20.000Z","","","","",""
"2024-12-04T07:58:03.000Z","","","","",""
"2024-12-04T07:58:03.000Z","","","","",""
"2024-12-04T07:58:03.000Z","","","","",""
"2024-12-04T07:58:03.000Z","","","","",""
"2024-12-04T07:58:05.000Z","","","","",""
"2024-12-04T07:58:08.000Z","","","","",""
"2024-12-04T07:58:08.000Z","","","","",""
"2024-12-04T07:58:08.000Z","","","","",""
"2024-12-04T07:58:08.000Z","","","","",""
"2024-12-04T07:58:08.000Z","","","","",""
"2024-12-04T07:58:01.000Z","","","","",""
"2024-12-04T07:58:11.000Z","","","","",""
"2024-12-04T07:58:42.015Z","","","","hq-glg-t01","[10.10.88.116, fe80::250:56ff:fead:5b8a, 10.10.101.116, fe80::250:56ff:fead:fa6, 172.17.0.1]"
"2024-12-04T07:58:42.015Z","","","","hq-glg-t01","[10.10.88.116, fe80::250:56ff:fead:5b8a, 10.10.101.116, fe80::250:56ff:fead:fa6, 172.17.0.1]"
"2024-12-04T07:58:42.015Z","","","","hq-glg-t01","[10.10.88.116, fe80::250:56ff:fead:5b8a, 10.10.101.116, fe80::250:56ff:fead:fa6, 172.17.0.1]"
"2024-12-04T07:58:42.015Z","","","","hq-glg-t01","[10.10.88.116, fe80::250:56ff:fead:5b8a, 10.10.101.116, fe80::250:56ff:fead:fa6, 172.17.0.1]"
"2024-12-04T07:58:42.015Z","","","","hq-glg-t01","[10.10.88.116, fe80::250:56ff:fead:5b8a, 10.10.101.116, fe80::250:56ff:fead:fa6, 172.17.0.1]"
"2024-12-04T07:58:42.022Z","","","","hq-glg-t01","[10.10.88.116, fe80::250:56ff:fead:5b8a, 10.10.101.116, fe80::250:56ff:fead:fa6, 172.17.0.1]"
"2024-12-04T07:58:42.022Z","","","","hq-glg-t01","[10.10.88.116, fe80::250:56ff:fead:5b8a, 10.10.101.116, fe80::250:56ff:fead:fa6, 172.17.0.1]"
"2024-12-04T07:58:42.022Z","","","","hq-glg-t01","[10.10.88.116, fe80::250:56ff:fead:5b8a, 10.10.101.116, fe80::250:56ff:fead:fa6, 172.17.0.1]"
"2024-12-04T07:58:42.022Z","","","","hq-glg-t01","[10.10.88.116, fe80::250:56ff:fead:5b8a, 10.10.101.116, fe80::250:56ff:fead:fa6, 172.17.0.1]"
"2024-12-04T07:58:42.022Z","","","","hq-glg-t01","[10.10.88.116, fe80::250:56ff:fead:5b8a, 10.10.101.116, fe80::250:56ff:fead:fa6, 172.17.0.1]"
"2024-12-04T07:58:42.022Z","","","","hq-glg-t01","[10.10.88.116, fe80::250:56ff:fead:5b8a, 10.10.101.116, fe80::250:56ff:fead:fa6, 172.17.0.1]"
"2024-12-04T07:58:42.022Z","","","","hq-glg-t01","[10.10.88.116, fe80::250:56ff:fead:5b8a, 10.10.101.116, fe80::250:56ff:fead:fa6, 172.17.0.1]"
"2024-12-04T07:58:43.000Z","","","","",""
"2024-12-04T07:58:43.000Z","","","","",""
"2024-12-04T07:58:43.000Z","","","","",""
"2024-12-04T07:58:43.000Z","","","","",""
"2024-12-04T07:58:43.000Z","","","","",""
"2024-12-04T07:58:43.000Z","","","","",""
"2024-12-04T07:58:43.000Z","","","","",""
"2024-12-04T07:58:43.000Z","","","","",""
"2024-12-04T07:58:43.000Z","","","","",""
"2024-12-04T07:59:18.489Z","","","","",""
"2024-12-04T07:59:18.444Z","","","","",""
"2024-12-04T07:59:18.444Z","","","","",""
"2024-12-04T07:59:18.444Z","","","","",""
"2024-12-04T07:59:18.444Z","","","","",""
"2024-12-04T07:58:44.000Z","","","","",""
"2024-12-04T07:58:44.000Z","","","","",""
"2024-12-04T07:58:43.000Z","","","","",""
"2024-12-04T07:58:43.000Z","","","","",""
"2024-12-04T07:58:43.000Z","","","","",""
"2024-12-04T07:58:43.000Z","","","","",""
"2024-12-04T07:58:45.000Z","","","","",""
"2024-12-04T07:58:46.000Z","","","","",""
"2024-12-04T07:58:46.000Z","","","","",""
"2024-12-04T07:58:46.000Z","","","","",""
"2024-12-04T07:58:46.000Z","","","","",""
"2024-12-04T07:59:21.117Z","","","","",""
"2024-12-04T07:59:21.117Z","","","","",""
"2024-12-04T07:59:21.117Z","","","","",""
"2024-12-04T07:59:21.117Z","","","","",""
"2024-12-04T07:59:21.249Z","","","","",""
"2024-12-04T07:59:21.272Z","","","","",""
"2024-12-04T07:58:47.000Z","","","","",""
"2024-12-04T07:58:47.000Z","","","","",""
"2024-12-04T07:58:47.000Z","","","","",""
"2024-12-04T07:58:47.000Z","","","","",""
"2024-12-04T07:58:47.000Z","","","","",""
"2024-12-04T07:58:47.000Z","","","","",""
"2024-12-04T07:58:47.000Z","","","","",""
"2024-12-04T07:58:47.000Z","","","","",""
"2024-12-04T07:58:47.000Z","","","","",""
"2024-12-04T07:58:47.000Z","","","","",""
"2024-12-04T07:58:47.000Z","","","","",""
"2024-12-04T07:58:47.000Z","","","","",""
"2024-12-04T07:58:47.000Z","","","","",""
"2024-12-04T07:58:47.000Z","","","","",""
"2024-12-04T07:58:47.000Z","","","","",""
"2024-12-04T07:58:47.000Z","","","","",""
"2024-12-04T07:58:47.000Z","","","","",""
"2024-12-04T07:58:47.000Z","","","","",""
"2024-12-04T07:58:47.000Z","","","","",""
"2024-12-04T07:58:47.000Z","","","","",""
"2024-12-04T07:58:47.000Z","","","","",""
"2024-12-04T07:58:47.000Z","","","","",""
"2024-12-04T07:58:47.000Z","","","","",""
"2024-12-04T07:58:47.000Z","","","","",""
"2024-12-04T07:58:47.000Z","","","","",""
"2024-12-04T07:58:47.000Z","","","","",""
"2024-12-04T07:58:47.000Z","","","","",""
"2024-12-04T07:58:47.000Z","","","","",""
"2024-12-04T07:58:47.000Z","","","","",""
"2024-12-04T07:58:47.000Z","","","","",""
"2024-12-04T07:58:47.000Z","","","","",""
"2024-12-04T07:58:47.000Z","","","","",""
"2024-12-04T07:58:47.000Z","","","","",""
"2024-12-04T07:58:47.000Z","","","","",""
"2024-12-04T07:58:47.000Z","","","","",""
"2024-12-04T07:58:47.000Z","","","","",""
"2024-12-04T07:58:47.000Z","","","","",""
"2024-12-04T07:58:47.000Z","","","","",""
"2024-12-04T07:58:47.000Z","","","","",""
"2024-12-04T07:58:47.000Z","","","","",""
"2024-12-04T07:58:47.000Z","","","","",""
"2024-12-04T07:58:47.000Z","","","","",""
"2024-12-04T07:58:48.000Z","","","","",""
"2024-12-04T07:58:48.000Z","","","","",""
"2024-12-04T07:58:48.000Z","","","","",""
"2024-12-04T07:58:48.000Z","","","","",""
"2024-12-04T07:58:48.000Z","","","","",""
"2024-12-04T07:58:48.000Z","","","","",""
"2024-12-04T07:58:48.000Z","","","","",""
"2024-12-04T07:58:48.000Z","","","","",""
"2024-12-04T07:58:48.000Z","","","","",""
"2024-12-04T07:58:48.000Z","","","","",""
"2024-12-04T07:58:48.000Z","","","","",""
"2024-12-04T07:58:50.000Z","","","","",""
"2024-12-04T07:58:50.000Z","","","","",""
"2024-12-04T07:58:49.247Z","0.0798","3.8404","0.1546","hq-glg-t01","[10.10.88.116, fe80::250:56ff:fead:5b8a, 10.10.101.116, fe80::250:56ff:fead:fa6, 172.17.0.1]"
"2024-12-04T07:58:49.253Z","","","","hq-glg-t01","[10.10.88.116, fe80::250:56ff:fead:5b8a, 10.10.101.116, fe80::250:56ff:fead:fa6, 172.17.0.1]"
"2024-12-04T07:58:49.259Z","","","","hq-glg-t01","[10.10.88.116, fe80::250:56ff:fead:5b8a, 10.10.101.116, fe80::250:56ff:fead:fa6, 172.17.0.1]"
"2024-12-04T07:58:49.259Z","","","","hq-glg-t01","[10.10.88.116, fe80::250:56ff:fead:5b8a, 10.10.101.116, fe80::250:56ff:fead:fa6, 172.17.0.1]"
"2024-12-04T07:58:49.421Z","","","","hq-glg-t01","[10.10.88.116, fe80::250:56ff:fead:5b8a, 10.10.101.116, fe80::250:56ff:fead:fa6, 172.17.0.1]"
"2024-12-04T07:58:49.461Z","","","","hq-glg-t01","[10.10.88.116, fe80::250:56ff:fead:5b8a, 10.10.101.116, fe80::250:56ff:fead:fa6, 172.17.0.1]"
"2024-12-04T07:58:50.000Z","","","","",""
"2024-12-04T07:58:50.000Z","","","","",""
"2024-12-04T07:58:50.000Z","","","","",""
"2024-12-04T08:00:12.016Z","","","","hq-glg-t01","[10.10.88.116, fe80::250:56ff:fead:5b8a, 10.10.101.116, fe80::250:56ff:fead:fa6, 172.17.0.1]"
"2024-12-04T08:00:12.016Z","","","","hq-glg-t01","[10.10.88.116, fe80::250:56ff:fead:5b8a, 10.10.101.116, fe80::250:56ff:fead:fa6, 172.17.0.1]"
"2024-12-04T08:00:12.016Z","","","","hq-glg-t01","[10.10.88.116, fe80::250:56ff:fead:5b8a, 10.10.101.116, fe80::250:56ff:fead:fa6, 172.17.0.1]"
"2024-12-04T08:00:12.016Z","","","","hq-glg-t01","[10.10.88.116, fe80::250:56ff:fead:5b8a, 10.10.101.116, fe80::250:56ff:fead:fa6, 172.17.0.1]"
"2024-12-04T08:00:12.016Z","","","","hq-glg-t01","[10.10.88.116, fe80::250:56ff:fead:5b8a, 10.10.101.116, fe80::250:56ff:fead:fa6, 172.17.0.1]"
"2024-12-04T08:00:12.022Z","","","","hq-glg-t01","[10.10.88.116, fe80::250:56ff:fead:5b8a, 10.10.101.116, fe80::250:56ff:fead:fa6, 172.17.0.1]"
"2024-12-04T08:00:12.022Z","","","","hq-glg-t01","[10.10.88.116, fe80::250:56ff:fead:5b8a, 10.10.101.116, fe80::250:56ff:fead:fa6, 172.17.0.1]"
"2024-12-04T08:00:12.022Z","","","","hq-glg-t01","[10.10.88.116, fe80::250:56ff:fead:5b8a, 10.10.101.116, fe80::250:56ff:fead:fa6, 172.17.0.1]"
"2024-12-04T08:00:12.022Z","","","","hq-glg-t01","[10.10.88.116, fe80::250:56ff:fead:5b8a, 10.10.101.116, fe80::250:56ff:fead:fa6, 172.17.0.1]"
"2024-12-04T08:00:12.022Z","","","","hq-glg-t01","[10.10.88.116, fe80::250:56ff:fead:5b8a, 10.10.101.116, fe80::250:56ff:fead:fa6, 172.17.0.1]"
"2024-12-04T08:00:12.022Z","","","","hq-glg-t01","[10.10.88.116, fe80::250:56ff:fead:5b8a, 10.10.101.116, fe80::250:56ff:fead:fa6, 172.17.0.1]"
"2024-12-04T08:00:12.022Z","","","","hq-glg-t01","[10.10.88.116, fe80::250:56ff:fead:5b8a, 10.10.101.116, fe80::250:56ff:fead:fa6, 172.17.0.1]"
"2024-12-04T08:00:13.000Z","","","","",""
"2024-12-04T08:00:13.000Z","","","","",""
"2024-12-04T08:00:13.000Z","","","","",""
"2024-12-04T08:00:13.000Z","","","","",""
"2024-12-04T08:00:13.000Z","","","","",""
"2024-12-04T08:00:13.000Z","","","","",""
"2024-12-04T08:00:13.000Z","","","","",""
"2024-12-04T08:00:13.000Z","","","","",""
"2024-12-04T08:00:13.000Z","","","","",""
"2024-12-04T08:00:13.000Z","","","","",""
"2024-12-04T08:00:14.000Z","","","","",""
"2024-12-04T08:00:15.000Z","","","","",""
"2024-12-04T08:00:15.000Z","","","","",""
"2024-12-04T08:00:15.000Z","","","","",""
"2024-12-04T08:00:15.000Z","","","","",""
"2024-12-04T08:00:16.000Z","","","","",""
"2024-12-04T08:00:16.000Z","","","","",""
"2024-12-04T08:00:17.000Z","","","","",""
"2024-12-04T08:00:17.000Z","","","","",""
"2024-12-04T08:00:17.000Z","","","","",""
"2024-12-04T08:00:17.000Z","","","","",""
"2024-12-04T08:00:17.000Z","","","","",""
"2024-12-04T08:00:17.000Z","","","","",""
"2024-12-04T08:00:17.000Z","","","","",""
"2024-12-04T08:00:17.000Z","","","","",""
"2024-12-04T08:00:17.000Z","","","","",""
"2024-12-04T08:00:17.000Z","","","","",""
"2024-12-04T08:00:17.000Z","","","","",""
"2024-12-04T08:00:17.000Z","","","","",""
"2024-12-04T08:00:17.000Z","","","","",""
"2024-12-04T08:00:17.000Z","","","","",""
"2024-12-04T08:00:17.000Z","","","","",""
"2024-12-04T08:00:17.000Z","","","","",""
"2024-12-04T08:00:17.000Z","","","","",""
"2024-12-04T08:00:17.000Z","","","","",""
"2024-12-04T08:00:17.000Z","","","","",""
"2024-12-04T08:00:17.000Z","","","","",""
"2024-12-04T08:00:17.000Z","","","","",""
"2024-12-04T08:00:17.000Z","","","","",""
"2024-12-04T08:00:17.000Z","","","","",""
"2024-12-04T08:00:17.000Z","","","","",""
"2024-12-04T08:00:17.000Z","","","","",""
"2024-12-04T08:00:17.000Z","","","","",""
"2024-12-04T08:00:17.000Z","","","","",""
"2024-12-04T08:00:17.000Z","","","","",""
"2024-12-04T08:00:17.000Z","","","","",""
"2024-12-04T08:00:17.000Z","","","","",""
"2024-12-04T08:00:17.000Z","","","","",""
"2024-12-04T08:00:17.000Z","","","","",""
"2024-12-04T08:00:17.000Z","","","","",""
"2024-12-04T08:00:17.000Z","","","","",""
"2024-12-04T08:00:17.000Z","","","","",""
"2024-12-04T08:00:17.000Z","","","","",""
"2024-12-04T08:00:17.000Z","","","","",""
"2024-12-04T08:00:17.000Z","","","","",""
"2024-12-04T08:00:17.000Z","","","","",""
"2024-12-04T08:00:17.000Z","","","","",""
"2024-12-04T08:00:17.000Z","","","","",""
"2024-12-04T08:00:17.000Z","","","","",""
"2024-12-04T08:00:17.000Z","","","","",""
"2024-12-04T08:00:17.000Z","","","","",""
"2024-12-04T08:00:17.000Z","","","","",""
"2024-12-04T08:00:17.000Z","","","","",""
"2024-12-04T08:00:18.000Z","","","","",""
"2024-12-04T08:00:18.000Z","","","","",""
"2024-12-04T08:00:18.000Z","","","","",""
"2024-12-04T08:00:18.000Z","","","","",""
"2024-12-04T08:00:18.000Z","","","","",""
"2024-12-04T08:00:18.000Z","","","","",""
"2024-12-04T08:00:18.000Z","","","","",""
"2024-12-04T08:00:18.000Z","","","","",""
"2024-12-04T08:00:19.247Z","0.0685","3.8539","0.139","hq-glg-t01","[10.10.88.116, fe80::250:56ff:fead:5b8a, 10.10.101.116, fe80::250:56ff:fead:fa6, 172.17.0.1]"
"2024-12-04T08:00:19.259Z","","","","hq-glg-t01","[10.10.88.116, fe80::250:56ff:fead:5b8a, 10.10.101.116, fe80::250:56ff:fead:fa6, 172.17.0.1]"
"2024-12-04T08:00:19.259Z","","","","hq-glg-t01","[10.10.88.116, fe80::250:56ff:fead:5b8a, 10.10.101.116, fe80::250:56ff:fead:fa6, 172.17.0.1]"
"2024-12-04T08:00:19.422Z","","","","hq-glg-t01","[10.10.88.116, fe80::250:56ff:fead:5b8a, 10.10.101.116, fe80::250:56ff:fead:fa6, 172.17.0.1]"
"2024-12-04T08:00:19.462Z","","","","hq-glg-t01","[10.10.88.116, fe80::250:56ff:fead:5b8a, 10.10.101.116, fe80::250:56ff:fead:fa6, 172.17.0.1]"
"2024-12-04T08:00:20.000Z","","","","",""
"2024-12-04T08:00:20.000Z","","","","",""
"2024-12-04T08:00:21.000Z","","","","",""
"2024-12-04T08:00:55.735Z","","","","",""
"2024-12-04T08:00:55.735Z","","","","",""
"2024-12-04T08:00:57.247Z","","","","",""
"2024-12-04T08:00:22.000Z","","","","",""
"2024-12-04T08:00:22.000Z","","","","",""
"2024-12-04T08:00:22.000Z","","","","",""
"2024-12-04T07:59:02.015Z","","","","hq-glg-t01","[10.10.88.116, fe80::250:56ff:fead:5b8a, 10.10.101.116, fe80::250:56ff:fead:fa6, 172.17.0.1]"
"2024-12-04T07:59:02.015Z","","","","hq-glg-t01","[10.10.88.116, fe80::250:56ff:fead:5b8a, 10.10.101.116, fe80::250:56ff:fead:fa6, 172.17.0.1]"
"2024-12-04T07:59:02.015Z","","","","hq-glg-t01","[10.10.88.116, fe80::250:56ff:fead:5b8a, 10.10.101.116, fe80::250:56ff:fead:fa6, 172.17.0.1]"
"2024-12-04T07:59:02.015Z","","","","hq-glg-t01","[10.10.88.116, fe80::250:56ff:fead:5b8a, 10.10.101.116, fe80::250:56ff:fead:fa6, 172.17.0.1]"
"2024-12-04T07:59:02.021Z","","","","hq-glg-t01","[10.10.88.116, fe80::250:56ff:fead:5b8a, 10.10.101.116, fe80::250:56ff:fead:fa6, 172.17.0.1]"
"2024-12-04T07:59:02.015Z","","","","hq-glg-t01","[10.10.88.116, fe80::250:56ff:fead:5b8a, 10.10.101.116, fe80::250:56ff:fead:fa6, 172.17.0.1]"
"2024-12-04T07:59:02.021Z","","","","hq-glg-t01","[10.10.88.116, fe80::250:56ff:fead:5b8a, 10.10.101.116, fe80::250:56ff:fead:fa6, 172.17.0.1]"
"2024-12-04T07:59:02.021Z","","","","hq-glg-t01","[10.10.88.116, fe80::250:56ff:fead:5b8a, 10.10.101.116, fe80::250:56ff:fead:fa6, 172.17.0.1]"
"2024-12-04T07:59:02.021Z","","","","hq-glg-t01","[10.10.88.116, fe80::250:56ff:fead:5b8a, 10.10.101.116, fe80::250:56ff:fead:fa6, 172.17.0.1]"
"2024-12-04T07:59:02.021Z","","","","hq-glg-t01","[10.10.88.116, fe80::250:56ff:fead:5b8a, 10.10.101.116, fe80::250:56ff:fead:fa6, 172.17.0.1]"
"2024-12-04T07:59:02.021Z","","","","hq-glg-t01","[10.10.88.116, fe80::250:56ff:fead:5b8a, 10.10.101.116, fe80::250:56ff:fead:fa6, 172.17.0.1]"
"2024-12-04T07:59:02.021Z","","","","hq-glg-t01","[10.10.88.116, fe80::250:56ff:fead:5b8a, 10.10.101.116, fe80::250:56ff:fead:fa6, 172.17.0.1]"
"2024-12-04T07:59:01.000Z","","","","",""
"2024-12-04T07:59:03.000Z","","","","",""
"2024-12-04T07:59:03.000Z","","","","",""
"2024-12-04T07:59:03.000Z","","","","",""
"2024-12-04T07:59:03.000Z","","","","",""
"2024-12-04T07:59:03.000Z","","","","",""
"2024-12-04T07:59:38.142Z","","","","",""
"2024-12-04T07:59:03.000Z","","","","",""
"2024-12-04T07:59:02.000Z","","","","",""
"2024-12-04T07:59:04.000Z","","","","",""
"2024-12-04T07:59:04.000Z","","","","",""
"2024-12-04T07:59:04.000Z","","","","",""
"2024-12-04T07:59:03.000Z","","","","",""
"2024-12-04T07:59:03.000Z","","","","",""
"2024-12-04T07:59:03.000Z","","","","",""
"2024-12-04T07:59:03.000Z","","","","",""
"2024-12-04T07:59:05.000Z","","","","",""
"2024-12-04T07:59:08.000Z","","","","",""
"2024-12-04T07:59:08.000Z","","","","",""
"2024-12-04T07:59:08.000Z","","","","",""
"2024-12-04T07:59:08.000Z","","","","",""
"2024-12-04T07:59:08.000Z","","","","",""
"2024-12-04T07:59:08.000Z","","","","",""
"2024-12-04T07:59:08.000Z","","","","",""
"2024-12-04T07:59:08.000Z","","","","",""
"2024-12-04T07:59:08.000Z","","","","",""
"2024-12-04T07:59:08.000Z","","","","",""
"2024-12-04T07:59:08.000Z","","","","",""
"2024-12-04T07:59:08.000Z","","","","",""
"2024-12-04T07:59:08.000Z","","","","",""
"2024-12-04T07:59:08.000Z","","","","",""
"2024-12-04T07:59:08.000Z","","","","",""
"2024-12-04T07:59:08.000Z","","","","",""
"2024-12-04T07:59:08.000Z","","","","",""
"2024-12-04T07:59:08.000Z","","","","",""
"2024-12-04T07:59:08.000Z","","","","",""
"2024-12-04T07:59:08.000Z","","","","",""
"2024-12-04T07:59:08.000Z","","","","",""
"2024-12-04T07:59:08.000Z","","","","",""
"2024-12-04T07:59:08.000Z","","","","",""
"2024-12-04T07:59:08.000Z","","","","",""
"2024-12-04T07:59:08.000Z","","","","",""
"2024-12-04T07:59:08.000Z","","","","",""
"2024-12-04T07:59:08.000Z","","","","",""
"2024-12-04T07:59:08.000Z","","","","",""
"2024-12-04T07:59:08.000Z","","","","",""
"2024-12-04T07:59:08.000Z","","","","",""
"2024-12-04T07:59:08.000Z","","","","",""
"2024-12-04T07:59:08.000Z","","","","",""
"2024-12-04T07:59:08.000Z","","","","",""
"2024-12-04T07:59:08.000Z","","","","",""
"2024-12-04T07:59:08.000Z","","","","",""
"2024-12-04T07:59:08.000Z","","","","",""
"2024-12-04T07:59:08.000Z","","","","",""
"2024-12-04T07:59:08.000Z","","","","",""
"2024-12-04T07:59:08.000Z","","","","",""
"2024-12-04T07:59:08.000Z","","","","",""
"2024-12-04T07:59:08.000Z","","","","",""
"2024-12-04T07:59:08.000Z","","","","",""
"2024-12-04T07:59:08.000Z","","","","",""
"2024-12-04T07:59:08.000Z","","","","",""
"2024-12-04T07:59:08.000Z","","","","",""
"2024-12-04T07:59:08.000Z","","","","",""
"2024-12-04T07:59:08.000Z","","","","",""
"2024-12-04T07:59:08.000Z","","","","",""
"2024-12-04T07:59:08.000Z","","","","",""
"2024-12-04T07:59:08.000Z","","","","",""
"2024-12-04T07:59:08.000Z","","","","",""
"2024-12-04T07:59:09.000Z","","","","",""
"2024-12-04T07:59:09.000Z","","","","",""
"2024-12-04T07:59:10.000Z","","","","",""
"2024-12-04T07:59:08.000Z","","","","",""
"2024-12-04T07:59:08.000Z","","","","",""
"2024-12-04T07:59:08.000Z","","","","",""
"2024-12-04T07:59:08.000Z","","","","",""
"2024-12-04T07:59:09.259Z","","","","hq-glg-t01","[10.10.88.116, fe80::250:56ff:fead:5b8a, 10.10.101.116, fe80::250:56ff:fead:fa6, 172.17.0.1]"
"2024-12-04T07:59:09.247Z","0.0605","3.872","0.124","hq-glg-t01","[10.10.88.116, fe80::250:56ff:fead:5b8a, 10.10.101.116, fe80::250:56ff:fead:fa6, 172.17.0.1]"
"2024-12-04T07:59:09.422Z","","","","hq-glg-t01","[10.10.88.116, fe80::250:56ff:fead:5b8a, 10.10.101.116, fe80::250:56ff:fead:fa6, 172.17.0.1]"
"2024-12-04T07:59:09.259Z","","","","hq-glg-t01","[10.10.88.116, fe80::250:56ff:fead:5b8a, 10.10.101.116, fe80::250:56ff:fead:fa6, 172.17.0.1]"
"2024-12-04T07:59:09.461Z","","","","hq-glg-t01","[10.10.88.116, fe80::250:56ff:fead:5b8a, 10.10.101.116, fe80::250:56ff:fead:fa6, 172.17.0.1]"
"2024-12-04T07:59:11.000Z","","","","",""
"2024-12-04T07:59:11.000Z","","","","",""
"2024-12-04T07:59:11.000Z","","","","",""
"2024-12-04T07:59:11.000Z","","","","",""
"2024-12-04T07:59:11.000Z","","","","",""
"2024-12-04T08:00:02.016Z","","","","hq-glg-t01","[10.10.88.116, fe80::250:56ff:fead:5b8a, 10.10.101.116, fe80::250:56ff:fead:fa6, 172.17.0.1]"
"2024-12-04T08:00:02.016Z","","","","hq-glg-t01","[10.10.88.116, fe80::250:56ff:fead:5b8a, 10.10.101.116, fe80::250:56ff:fead:fa6, 172.17.0.1]"
"2024-12-04T08:00:02.016Z","","","","hq-glg-t01","[10.10.88.116, fe80::250:56ff:fead:5b8a, 10.10.101.116, fe80::250:56ff:fead:fa6, 172.17.0.1]"
"2024-12-04T08:00:02.016Z","","","","hq-glg-t01","[10.10.88.116, fe80::250:56ff:fead:5b8a, 10.10.101.116, fe80::250:56ff:fead:fa6, 172.17.0.1]"
"2024-12-04T08:00:02.016Z","","","","hq-glg-t01","[10.10.88.116, fe80::250:56ff:fead:5b8a, 10.10.101.116, fe80::250:56ff:fead:fa6, 172.17.0.1]"
"2024-12-04T08:00:02.021Z","","","","hq-glg-t01","[10.10.88.116, fe80::250:56ff:fead:5b8a, 10.10.101.116, fe80::250:56ff:fead:fa6, 172.17.0.1]"
"2024-12-04T08:00:02.021Z","","","","hq-glg-t01","[10.10.88.116, fe80::250:56ff:fead:5b8a, 10.10.101.116, fe80::250:56ff:fead:fa6, 172.17.0.1]"
"2024-12-04T08:00:02.021Z","","","","hq-glg-t01","[10.10.88.116, fe80::250:56ff:fead:5b8a, 10.10.101.116, fe80::250:56ff:fead:fa6, 172.17.0.1]"
"2024-12-04T08:00:02.021Z","","","","hq-glg-t01","[10.10.88.116, fe80::250:56ff:fead:5b8a, 10.10.101.116, fe80::250:56ff:fead:fa6, 172.17.0.1]"
"2024-12-04T08:00:02.021Z","","","","hq-glg-t01","[10.10.88.116, fe80::250:56ff:fead:5b8a, 10.10.101.116, fe80::250:56ff:fead:fa6, 172.17.0.1]"
"2024-12-04T08:00:02.021Z","","","","hq-glg-t01","[10.10.88.116, fe80::250:56ff:fead:5b8a, 10.10.101.116, fe80::250:56ff:fead:fa6, 172.17.0.1]"
"2024-12-04T08:00:02.021Z","","","","hq-glg-t01","[10.10.88.116, fe80::250:56ff:fead:5b8a, 10.10.101.116, fe80::250:56ff:fead:fa6, 172.17.0.1]"
"2024-12-04T08:00:01.000Z","","","","",""
"2024-12-04T08:00:03.000Z","","","","",""
"2024-12-04T08:00:03.000Z","","","","",""
"2024-12-04T08:00:03.000Z","","","","",""
"2024-12-04T08:00:03.000Z","","","","",""
"2024-12-04T08:00:03.000Z","","","","",""
"2024-12-04T08:00:03.000Z","","","","",""
"2024-12-04T08:00:03.000Z","","","","",""
"2024-12-04T08:00:03.000Z","","","","",""
"2024-12-04T08:00:03.000Z","","","","",""
"2024-12-04T08:00:03.000Z","","","","",""
"2024-12-04T08:00:03.000Z","","","","",""
"2024-12-04T08:00:03.000Z","","","","",""
"2024-12-04T08:00:05.000Z","","","","",""
"2024-12-04T08:00:06.000Z","","","","",""
"2024-12-04T08:00:06.000Z","","","","",""
"2024-12-04T08:00:07.000Z","","","","",""
"2024-12-04T08:00:07.000Z","","","","",""
"2024-12-04T08:00:07.000Z","","","","",""
"2024-12-04T08:00:07.000Z","","","","",""
"2024-12-04T08:00:07.000Z","","","","",""
"2024-12-04T08:00:07.000Z","","","","",""
"2024-12-04T08:00:07.000Z","","","","",""
"2024-12-04T08:00:07.000Z","","","","",""
"2024-12-04T08:00:07.000Z","","","","",""
"2024-12-04T08:00:07.000Z","","","","",""
"2024-12-04T08:00:07.000Z","","","","",""
"2024-12-04T08:00:07.000Z","","","","",""
"2024-12-04T08:00:07.000Z","","","","",""
"2024-12-04T08:00:07.000Z","","","","",""
"2024-12-04T08:00:07.000Z","","","","",""
"2024-12-04T08:00:07.000Z","","","","",""
"2024-12-04T08:00:07.000Z","","","","",""
"2024-12-04T08:00:07.000Z","","","","",""
"2024-12-04T08:00:07.000Z","","","","",""
"2024-12-04T08:00:07.000Z","","","","",""
"2024-12-04T08:00:07.000Z","","","","",""
"2024-12-04T08:00:07.000Z","","","","",""
"2024-12-04T08:00:07.000Z","","","","",""
"2024-12-04T08:00:07.000Z","","","","",""
"2024-12-04T08:00:07.000Z","","","","",""
"2024-12-04T08:00:07.000Z","","","","",""
"2024-12-04T08:00:07.000Z","","","","",""
"2024-12-04T08:00:07.000Z","","","","",""
"2024-12-04T08:00:07.000Z","","","","",""
"2024-12-04T08:00:07.000Z","","","","",""
"2024-12-04T08:00:07.000Z","","","","",""
"2024-12-04T08:00:07.000Z","","","","",""
"2024-12-04T08:00:07.000Z","","","","",""
"2024-12-04T08:00:07.000Z","","","","",""
"2024-12-04T08:00:07.000Z","","","","",""
"2024-12-04T08:00:07.000Z","","","","",""
"2024-12-04T08:00:07.000Z","","","","",""
"2024-12-04T08:00:07.000Z","","","","",""
"2024-12-04T08:00:07.000Z","","","","",""
"2024-12-04T08:00:07.000Z","","","","",""
"2024-12-04T08:00:07.000Z","","","","",""
"2024-12-04T08:00:07.000Z","","","","",""
"2024-12-04T08:00:07.000Z","","","","",""
"2024-12-04T08:00:07.000Z","","","","",""
"2024-12-04T08:00:07.000Z","","","","",""
"2024-12-04T08:00:07.000Z","","","","",""
"2024-12-04T08:00:08.000Z","","","","",""
"2024-12-04T08:00:08.000Z","","","","",""
"2024-12-04T08:00:08.000Z","","","","",""
"2024-12-04T08:00:08.000Z","","","","",""
"2024-12-04T08:00:08.000Z","","","","",""
"2024-12-04T08:00:08.000Z","","","","",""
"2024-12-04T08:00:08.000Z","","","","",""
"2024-12-04T08:00:08.000Z","","","","",""
"2024-12-04T08:00:07.000Z","","","","",""
"2024-12-04T08:00:10.000Z","","","","",""
"2024-12-04T08:00:08.000Z","","","","",""
"2024-12-04T08:00:08.000Z","","","","",""
"2024-12-04T08:00:08.000Z","","","","",""
"2024-12-04T08:00:08.000Z","","","","",""
"2024-12-04T08:00:09.247Z","0.0597","3.8674","0.1286","hq-glg-t01","[10.10.88.116, fe80::250:56ff:fead:5b8a, 10.10.101.116, fe80::250:56ff:fead:fa6, 172.17.0.1]"
"2024-12-04T08:00:09.259Z","","","","hq-glg-t01","[10.10.88.116, fe80::250:56ff:fead:5b8a, 10.10.101.116, fe80::250:56ff:fead:fa6, 172.17.0.1]"
"2024-12-04T08:00:09.261Z","","","","hq-glg-t01","[10.10.88.116, fe80::250:56ff:fead:5b8a, 10.10.101.116, fe80::250:56ff:fead:fa6, 172.17.0.1]"
"2024-12-04T08:00:09.462Z","","","","hq-glg-t01","[10.10.88.116, fe80::250:56ff:fead:5b8a, 10.10.101.116, fe80::250:56ff:fead:fa6, 172.17.0.1]"
"2024-12-04T08:00:09.422Z","","","","hq-glg-t01","[10.10.88.116, fe80::250:56ff:fead:5b8a, 10.10.101.116, fe80::250:56ff:fead:fa6, 172.17.0.1]"
"2024-12-04T08:00:11.000Z","","","","",""
"2024-12-04T08:00:11.000Z","","","","",""
"2024-12-04T08:00:32.000Z","","","","",""
"2024-12-04T08:00:32.000Z","","","","",""
"2024-12-04T08:00:32.015Z","","","","hq-glg-t01","[10.10.88.116, fe80::250:56ff:fead:5b8a, 10.10.101.116, fe80::250:56ff:fead:fa6, 172.17.0.1]"
"2024-12-04T08:00:32.015Z","","","","hq-glg-t01","[10.10.88.116, fe80::250:56ff:fead:5b8a, 10.10.101.116, fe80::250:56ff:fead:fa6, 172.17.0.1]"
"2024-12-04T08:00:32.015Z","","","","hq-glg-t01","[10.10.88.116, fe80::250:56ff:fead:5b8a, 10.10.101.116, fe80::250:56ff:fead:fa6, 172.17.0.1]"
"2024-12-04T08:00:32.015Z","","","","hq-glg-t01","[10.10.88.116, fe80::250:56ff:fead:5b8a, 10.10.101.116, fe80::250:56ff:fead:fa6, 172.17.0.1]"
"2024-12-04T08:00:32.015Z","","","","hq-glg-t01","[10.10.88.116, fe80::250:56ff:fead:5b8a, 10.10.101.116, fe80::250:56ff:fead:fa6, 172.17.0.1]"
"2024-12-04T08:00:32.022Z","","","","hq-glg-t01","[10.10.88.116, fe80::250:56ff:fead:5b8a, 10.10.101.116, fe80::250:56ff:fead:fa6, 172.17.0.1]"
"2024-12-04T08:00:32.022Z","","","","hq-glg-t01","[10.10.88.116, fe80::250:56ff:fead:5b8a, 10.10.101.116, fe80::250:56ff:fead:fa6, 172.17.0.1]"
"2024-12-04T08:00:32.022Z","","","","hq-glg-t01","[10.10.88.116, fe80::250:56ff:fead:5b8a, 10.10.101.116, fe80::250:56ff:fead:fa6, 172.17.0.1]"
"2024-12-04T08:00:32.022Z","","","","hq-glg-t01","[10.10.88.116, fe80::250:56ff:fead:5b8a, 10.10.101.116, fe80::250:56ff:fead:fa6, 172.17.0.1]"
"2024-12-04T08:00:32.022Z","","","","hq-glg-t01","[10.10.88.116, fe80::250:56ff:fead:5b8a, 10.10.101.116, fe80::250:56ff:fead:fa6, 172.17.0.1]"
"2024-12-04T08:00:32.022Z","","","","hq-glg-t01","[10.10.88.116, fe80::250:56ff:fead:5b8a, 10.10.101.116, fe80::250:56ff:fead:fa6, 172.17.0.1]"
"2024-12-04T08:00:33.000Z","","","","",""
"2024-12-04T08:00:33.000Z","","","","",""
"2024-12-04T08:00:33.000Z","","","","",""
"2024-12-04T08:00:33.000Z","","","","",""
"2024-12-04T08:00:33.000Z","","","","",""
"2024-12-04T08:00:33.000Z","","","","",""
"2024-12-04T08:00:33.000Z","","","","",""
"2024-12-04T08:00:33.000Z","","","","",""
"2024-12-04T08:00:33.000Z","","","","",""
"2024-12-04T08:00:33.000Z","","","","",""
"2024-12-04T08:00:33.000Z","","","","",""
"2024-12-04T08:00:33.000Z","","","","",""
"2024-12-04T08:00:33.000Z","","","","",""
"2024-12-04T08:00:33.000Z","","","","",""
"2024-12-04T08:00:35.000Z","","","","",""
"2024-12-04T08:00:35.000Z","","","","",""
"2024-12-04T08:00:36.000Z","","","","",""
"2024-12-04T08:00:36.000Z","","","","",""
"2024-12-04T08:00:36.000Z","","","","",""
"2024-12-04T08:00:38.000Z","","","","",""
"2024-12-04T08:00:38.000Z","","","","",""
"2024-12-04T08:00:38.000Z","","","","",""
"2024-12-04T08:00:38.000Z","","","","",""
"2024-12-04T08:00:38.000Z","","","","",""
"2024-12-04T08:00:38.000Z","","","","",""
"2024-12-04T08:00:38.000Z","","","","",""
"2024-12-04T08:00:38.000Z","","","","",""
"2024-12-04T08:00:38.000Z","","","","",""
"2024-12-04T08:00:38.000Z","","","","",""
"2024-12-04T08:00:38.000Z","","","","",""
"2024-12-04T08:00:38.000Z","","","","",""
"2024-12-04T08:00:38.000Z","","","","",""
"2024-12-04T08:00:38.000Z","","","","",""
"2024-12-04T08:00:38.000Z","","","","",""
"2024-12-04T08:00:38.000Z","","","","",""
"2024-12-04T08:00:38.000Z","","","","",""
"2024-12-04T08:00:38.000Z","","","","",""
"2024-12-04T08:00:38.000Z","","","","",""
"2024-12-04T08:00:38.000Z","","","","",""
"2024-12-04T08:00:38.000Z","","","","",""
"2024-12-04T08:00:38.000Z","","","","",""
"2024-12-04T08:00:38.000Z","","","","",""
"2024-12-04T08:00:38.000Z","","","","",""
"2024-12-04T08:00:38.000Z","","","","",""
"2024-12-04T08:00:38.000Z","","","","",""
"2024-12-04T08:00:38.000Z","","","","",""
"2024-12-04T08:00:38.000Z","","","","",""
"2024-12-04T08:00:38.000Z","","","","",""
"2024-12-04T08:00:38.000Z","","","","",""
"2024-12-04T08:00:38.000Z","","","","",""
"2024-12-04T08:00:38.000Z","","","","",""
"2024-12-04T08:00:38.000Z","","","","",""
"2024-12-04T08:00:38.000Z","","","","",""
"2024-12-04T08:00:38.000Z","","","","",""
"2024-12-04T08:00:38.000Z","","","","",""
"2024-12-04T08:00:38.000Z","","","","",""
"2024-12-04T08:00:38.000Z","","","","",""
"2024-12-04T08:00:38.000Z","","","","",""
"2024-12-04T08:00:38.000Z","","","","",""
"2024-12-04T08:00:38.000Z","","","","",""
"2024-12-04T08:00:38.000Z","","","","",""
"2024-12-04T08:00:38.000Z","","","","",""
"2024-12-04T08:00:38.000Z","","","","",""
"2024-12-04T08:00:38.000Z","","","","",""
"2024-12-04T08:00:38.000Z","","","","",""
"2024-12-04T08:00:38.000Z","","","","",""
"2024-12-04T08:00:37.000Z","","","","",""
"2024-12-04T08:00:38.000Z","","","","",""
"2024-12-04T08:00:38.000Z","","","","",""
"2024-12-04T08:00:39.259Z","","","","hq-glg-t01","[10.10.88.116, fe80::250:56ff:fead:5b8a, 10.10.101.116, fe80::250:56ff:fead:fa6, 172.17.0.1]"
"2024-12-04T08:00:39.247Z","0.0706","3.8477","0.1483","hq-glg-t01","[10.10.88.116, fe80::250:56ff:fead:5b8a, 10.10.101.116, fe80::250:56ff:fead:fa6, 172.17.0.1]"
"2024-12-04T08:00:39.421Z","","","","hq-glg-t01","[10.10.88.116, fe80::250:56ff:fead:5b8a, 10.10.101.116, fe80::250:56ff:fead:fa6, 172.17.0.1]"
"2024-12-04T08:00:39.259Z","","","","hq-glg-t01","[10.10.88.116, fe80::250:56ff:fead:5b8a, 10.10.101.116, fe80::250:56ff:fead:fa6, 172.17.0.1]"
"2024-12-04T08:00:39.461Z","","","","hq-glg-t01","[10.10.88.116, fe80::250:56ff:fead:5b8a, 10.10.101.116, fe80::250:56ff:fead:fa6, 172.17.0.1]"
"2024-12-04T08:00:41.000Z","","","","",""
"2024-12-04T08:00:42.000Z","","","","",""
"2024-12-04T08:00:42.000Z","","","","",""
"2024-12-04T07:59:43.000Z","","","","",""
"2024-12-04T07:59:43.000Z","","","","",""
"2024-12-04T07:59:43.000Z","","","","",""
"2024-12-04T07:59:43.000Z","","","","",""
"2024-12-04T07:59:45.000Z","","","","",""
"2024-12-04T07:59:46.000Z","","","","",""
"2024-12-04T07:59:46.000Z","","","","",""
"2024-12-04T07:59:47.000Z","","","","",""
"2024-12-04T07:59:47.000Z","","","","",""
"2024-12-04T07:59:47.000Z","","","","",""
"2024-12-04T07:59:47.000Z","","","","",""
"2024-12-04T07:59:47.000Z","","","","",""
"2024-12-04T08:00:22.532Z","","","","",""
"2024-12-04T08:00:22.531Z","","","","",""
"2024-12-04T08:00:22.536Z","","","","",""
"2024-12-04T07:59:48.000Z","","","","",""
"2024-12-04T07:59:48.000Z","","","","",""
"2024-12-04T07:59:48.000Z","","","","",""
"2024-12-04T07:59:48.000Z","","","","",""
"2024-12-04T07:59:48.000Z","","","","",""
"2024-12-04T07:59:48.000Z","","","","",""
"2024-12-04T07:59:48.000Z","","","","",""
"2024-12-04T07:59:48.000Z","","","","",""
"2024-12-04T07:59:48.000Z","","","","",""
"2024-12-04T07:59:48.000Z","","","","",""
"2024-12-04T07:59:48.000Z","","","","",""
"2024-12-04T07:59:48.000Z","","","","",""
"2024-12-04T07:59:48.000Z","","","","",""
"2024-12-04T07:59:48.000Z","","","","",""
"2024-12-04T07:59:48.000Z","","","","",""
"2024-12-04T07:59:48.000Z","","","","",""
"2024-12-04T07:59:48.000Z","","","","",""
"2024-12-04T07:59:48.000Z","","","","",""
"2024-12-04T07:59:48.000Z","","","","",""
"2024-12-04T07:59:48.000Z","","","","",""
"2024-12-04T07:59:48.000Z","","","","",""
"2024-12-04T07:59:48.000Z","","","","",""
"2024-12-04T07:59:48.000Z","","","","",""
"2024-12-04T07:59:48.000Z","","","","",""
"2024-12-04T07:59:48.000Z","","","","",""
"2024-12-04T07:59:48.000Z","","","","",""
"2024-12-04T07:59:48.000Z","","","","",""
"2024-12-04T07:59:48.000Z","","","","",""
"2024-12-04T07:59:48.000Z","","","","",""
"2024-12-04T07:59:48.000Z","","","","",""
"2024-12-04T07:59:48.000Z","","","","",""
"2024-12-04T07:59:48.000Z","","","","",""
"2024-12-04T07:59:48.000Z","","","","",""
"2024-12-04T07:59:48.000Z","","","","",""
"2024-12-04T07:59:48.000Z","","","","",""
"2024-12-04T07:59:48.000Z","","","","",""
"2024-12-04T07:59:48.000Z","","","","",""
"2024-12-04T07:59:48.000Z","","","","",""
"2024-12-04T07:59:48.000Z","","","","",""
"2024-12-04T07:59:48.000Z","","","","",""
"2024-12-04T07:59:48.000Z","","","","",""
"2024-12-04T07:59:48.000Z","","","","",""
"2024-12-04T07:59:48.000Z","","","","",""
"2024-12-04T07:59:48.000Z","","","","",""
"2024-12-04T07:59:48.000Z","","","","",""
"2024-12-04T07:59:48.000Z","","","","",""
"2024-12-04T07:59:48.000Z","","","","",""
"2024-12-04T07:59:48.000Z","","","","",""
"2024-12-04T07:59:48.000Z","","","","",""
"2024-12-04T07:59:48.000Z","","","","",""
"2024-12-04T07:59:48.000Z","","","","",""
"2024-12-04T07:59:48.000Z","","","","",""
"2024-12-04T07:59:48.000Z","","","","",""
"2024-12-04T07:59:48.000Z","","","","",""
"2024-12-04T07:59:48.000Z","","","","",""
"2024-12-04T07:59:48.000Z","","","","",""
"2024-12-04T07:59:48.000Z","","","","",""
"2024-12-04T07:59:48.000Z","","","","",""
"2024-12-04T07:59:48.000Z","","","","",""
"2024-12-04T07:59:48.000Z","","","","",""
"2024-12-04T07:59:48.000Z","","","","",""
"2024-12-04T07:59:48.000Z","","","","",""
"2024-12-04T07:59:48.000Z","","","","",""
"2024-12-04T07:59:48.000Z","","","","",""
"2024-12-04T07:59:48.000Z","","","","",""
"2024-12-04T07:59:48.000Z","","","","",""
"2024-12-04T07:59:48.000Z","","","","",""
"2024-12-04T07:59:48.000Z","","","","",""
"2024-12-04T07:59:48.000Z","","","","",""
"2024-12-04T07:59:48.000Z","","","","",""
"2024-12-04T07:59:48.000Z","","","","",""
"2024-12-04T07:59:48.000Z","","","","",""
"2024-12-04T07:59:49.254Z","","","","hq-glg-t01","[10.10.88.116, fe80::250:56ff:fead:5b8a, 10.10.101.116, fe80::250:56ff:fead:fa6, 172.17.0.1]"
"2024-12-04T07:59:49.247Z","0.0667","3.8696","0.1274","hq-glg-t01","[10.10.88.116, fe80::250:56ff:fead:5b8a, 10.10.101.116, fe80::250:56ff:fead:fa6, 172.17.0.1]"
"2024-12-04T07:59:49.259Z","","","","hq-glg-t01","[10.10.88.116, fe80::250:56ff:fead:5b8a, 10.10.101.116, fe80::250:56ff:fead:fa6, 172.17.0.1]"
"2024-12-04T07:59:49.259Z","","","","hq-glg-t01","[10.10.88.116, fe80::250:56ff:fead:5b8a, 10.10.101.116, fe80::250:56ff:fead:fa6, 172.17.0.1]"
"2024-12-04T07:59:49.421Z","","","","hq-glg-t01","[10.10.88.116, fe80::250:56ff:fead:5b8a, 10.10.101.116, fe80::250:56ff:fead:fa6, 172.17.0.1]"
"2024-12-04T07:59:49.462Z","","","","hq-glg-t01","[10.10.88.116, fe80::250:56ff:fead:5b8a, 10.10.101.116, fe80::250:56ff:fead:fa6, 172.17.0.1]"
"2024-12-04T07:59:51.000Z","","","","",""
"2024-12-04T07:59:51.000Z","","","","",""
"2024-12-04T07:59:42.016Z","","","","hq-glg-t01","[10.10.88.116, fe80::250:56ff:fead:5b8a, 10.10.101.116, fe80::250:56ff:fead:fa6, 172.17.0.1]"
"2024-12-04T07:59:42.016Z","","","","hq-glg-t01","[10.10.88.116, fe80::250:56ff:fead:5b8a, 10.10.101.116, fe80::250:56ff:fead:fa6, 172.17.0.1]"
"2024-12-04T07:59:42.016Z","","","","hq-glg-t01","[10.10.88.116, fe80::250:56ff:fead:5b8a, 10.10.101.116, fe80::250:56ff:fead:fa6, 172.17.0.1]"
"2024-12-04T07:59:42.016Z","","","","hq-glg-t01","[10.10.88.116, fe80::250:56ff:fead:5b8a, 10.10.101.116, fe80::250:56ff:fead:fa6, 172.17.0.1]"
"2024-12-04T07:59:42.021Z","","","","hq-glg-t01","[10.10.88.116, fe80::250:56ff:fead:5b8a, 10.10.101.116, fe80::250:56ff:fead:fa6, 172.17.0.1]"
"2024-12-04T07:59:42.021Z","","","","hq-glg-t01","[10.10.88.116, fe80::250:56ff:fead:5b8a, 10.10.101.116, fe80::250:56ff:fead:fa6, 172.17.0.1]"
"2024-12-04T07:59:42.021Z","","","","hq-glg-t01","[10.10.88.116, fe80::250:56ff:fead:5b8a, 10.10.101.116, fe80::250:56ff:fead:fa6, 172.17.0.1]"
"2024-12-04T07:59:42.016Z","","","","hq-glg-t01","[10.10.88.116, fe80::250:56ff:fead:5b8a, 10.10.101.116, fe80::250:56ff:fead:fa6, 172.17.0.1]"
"2024-12-04T07:59:42.021Z","","","","hq-glg-t01","[10.10.88.116, fe80::250:56ff:fead:5b8a, 10.10.101.116, fe80::250:56ff:fead:fa6, 172.17.0.1]"
"2024-12-04T07:59:42.021Z","","","","hq-glg-t01","[10.10.88.116, fe80::250:56ff:fead:5b8a, 10.10.101.116, fe80::250:56ff:fead:fa6, 172.17.0.1]"
"2024-12-04T07:59:42.021Z","","","","hq-glg-t01","[10.10.88.116, fe80::250:56ff:fead:5b8a, 10.10.101.116, fe80::250:56ff:fead:fa6, 172.17.0.1]"
"2024-12-04T07:59:42.021Z","","","","hq-glg-t01","[10.10.88.116, fe80::250:56ff:fead:5b8a, 10.10.101.116, fe80::250:56ff:fead:fa6, 172.17.0.1]"
"2024-12-04T07:59:43.000Z","","","","",""
"2024-12-04T07:59:43.000Z","","","","",""
"2024-12-04T07:59:43.000Z","","","","",""
"2024-12-04T07:59:43.000Z","","","","",""
"2024-12-04T07:59:43.000Z","","","","",""
"2024-12-04T07:59:43.000Z","","","","",""
"2024-12-04T07:59:43.000Z","","","","",""
"2024-12-04T07:59:38.000Z","","","","",""
"2024-12-04T07:59:38.000Z","","","","",""
"2024-12-04T07:59:38.000Z","","","","",""
"2024-12-04T07:59:38.000Z","","","","",""
"2024-12-04T07:59:38.000Z","","","","",""
"2024-12-04T07:59:38.000Z","","","","",""
"2024-12-04T07:59:38.000Z","","","","",""
"2024-12-04T07:59:38.000Z","","","","",""
"2024-12-04T07:59:38.000Z","","","","",""
"2024-12-04T07:59:38.000Z","","","","",""
"2024-12-04T07:59:38.000Z","","","","",""
"2024-12-04T07:59:38.000Z","","","","",""
"2024-12-04T07:59:38.000Z","","","","",""
"2024-12-04T07:59:38.000Z","","","","",""
"2024-12-04T07:59:38.000Z","","","","",""
"2024-12-04T07:59:38.000Z","","","","",""
"2024-12-04T07:59:38.000Z","","","","",""
"2024-12-04T07:59:38.000Z","","","","",""
"2024-12-04T07:59:38.000Z","","","","",""
"2024-12-04T07:59:38.000Z","","","","",""
"2024-12-04T07:59:38.000Z","","","","",""
"2024-12-04T07:59:38.000Z","","","","",""
"2024-12-04T07:59:38.000Z","","","","",""
"2024-12-04T07:59:38.000Z","","","","",""
"2024-12-04T07:59:38.000Z","","","","",""
"2024-12-04T07:59:38.000Z","","","","",""
"2024-12-04T07:59:38.000Z","","","","",""
"2024-12-04T07:59:38.000Z","","","","",""
"2024-12-04T07:59:38.000Z","","","","",""
"2024-12-04T07:59:38.000Z","","","","",""
"2024-12-04T07:59:38.000Z","","","","",""
"2024-12-04T07:59:38.000Z","","","","",""
"2024-12-04T07:59:38.000Z","","","","",""
"2024-12-04T07:59:38.000Z","","","","",""
"2024-12-04T07:59:38.000Z","","","","",""
"2024-12-04T07:59:38.000Z","","","","",""
"2024-12-04T07:59:38.000Z","","","","",""
"2024-12-04T07:59:38.000Z","","","","",""
"2024-12-04T07:59:38.000Z","","","","",""
"2024-12-04T07:59:38.000Z","","","","",""
"2024-12-04T07:59:38.000Z","","","","",""
"2024-12-04T07:59:38.000Z","","","","",""
"2024-12-04T07:59:38.000Z","","","","",""
"2024-12-04T07:59:38.000Z","","","","",""
"2024-12-04T07:59:38.000Z","","","","",""
"2024-12-04T07:59:38.000Z","","","","",""
"2024-12-04T07:59:38.000Z","","","","",""
"2024-12-04T07:59:38.000Z","","","","",""
"2024-12-04T07:59:38.000Z","","","","",""
"2024-12-04T07:59:38.000Z","","","","",""
"2024-12-04T07:59:38.000Z","","","","",""
"2024-12-04T07:59:38.000Z","","","","",""
"2024-12-04T07:59:38.000Z","","","","",""
"2024-12-04T07:59:39.000Z","","","","",""
"2024-12-04T07:59:40.000Z","","","","",""
"2024-12-04T07:59:40.000Z","","","","",""
"2024-12-04T07:59:38.000Z","","","","",""
"2024-12-04T07:59:38.000Z","","","","",""
"2024-12-04T07:59:39.247Z","0.0696","3.8588","0.1362","hq-glg-t01","[10.10.88.116, fe80::250:56ff:fead:5b8a, 10.10.101.116, fe80::250:56ff:fead:fa6, 172.17.0.1]"
"2024-12-04T07:59:39.259Z","","","","hq-glg-t01","[10.10.88.116, fe80::250:56ff:fead:5b8a, 10.10.101.116, fe80::250:56ff:fead:fa6, 172.17.0.1]"
"2024-12-04T07:59:39.258Z","","","","hq-glg-t01","[10.10.88.116, fe80::250:56ff:fead:5b8a, 10.10.101.116, fe80::250:56ff:fead:fa6, 172.17.0.1]"
"2024-12-04T07:59:39.422Z","","","","hq-glg-t01","[10.10.88.116, fe80::250:56ff:fead:5b8a, 10.10.101.116, fe80::250:56ff:fead:fa6, 172.17.0.1]"
"2024-12-04T07:59:39.462Z","","","","hq-glg-t01","[10.10.88.116, fe80::250:56ff:fead:5b8a, 10.10.101.116, fe80::250:56ff:fead:fa6, 172.17.0.1]"
"2024-12-04T08:08:52.015Z","","","","hq-glg-t01","[10.10.88.116, fe80::250:56ff:fead:5b8a, 10.10.101.116, fe80::250:56ff:fead:fa6, 172.17.0.1]"
"2024-12-04T08:08:52.015Z","","","","hq-glg-t01","[10.10.88.116, fe80::250:56ff:fead:5b8a, 10.10.101.116, fe80::250:56ff:fead:fa6, 172.17.0.1]"
"2024-12-04T08:08:52.015Z","","","","hq-glg-t01","[10.10.88.116, fe80::250:56ff:fead:5b8a, 10.10.101.116, fe80::250:56ff:fead:fa6, 172.17.0.1]"
"2024-12-04T08:08:52.015Z","","","","hq-glg-t01","[10.10.88.116, fe80::250:56ff:fead:5b8a, 10.10.101.116, fe80::250:56ff:fead:fa6, 172.17.0.1]"
"2024-12-04T08:08:52.015Z","","","","hq-glg-t01","[10.10.88.116, fe80::250:56ff:fead:5b8a, 10.10.101.116, fe80::250:56ff:fead:fa6, 172.17.0.1]"
"2024-12-04T08:08:52.015Z","","","","hq-glg-t01","[10.10.88.116, fe80::250:56ff:fead:5b8a, 10.10.101.116, fe80::250:56ff:fead:fa6, 172.17.0.1]"
